Estado_Region,Ciudad_Distrito,Direccion,Perfil_Ubicacion
Texas,Austin,"11100 Alterra Pkwy, Austin, TX 78758",Zona Domain; área tecnológica y residencial de alto crecimiento.
Texas,Houston,"2400 Mid Ln, Houston, TX 77027",Cerca de River Oaks; zona de alto poder adquisitivo.
Texas,Dallas,"8300 Douglas Ave, Dallas, TX 75225",Área de University Park; ideal para atención de familias.
Florida,Miami,"2901 NE 1st Ave, Miami, FL 33137",Distrito de Wynwood/Midtown; gran flujo peatonal y oficinas.
Florida,Orlando,"6000 S Rio Grande Ave, Orlando, FL 32809",Zona de Sand Lake; centro de servicios y fácil acceso.
Florida,Tampa,"401 Channelside Dr, Tampa, FL 33602",Water Street Tampa; desarrollo urbano moderno y mixto.
Georgia,Atlanta,"3344 Peachtree Rd NE, Atlanta, GA 30326",Buckhead; el centro financiero y comercial de la ciudad.
Georgia,Savannah,"2 East Bryan St, Savannah, GA 31401",Distrito Histórico; accesibilidad para residentes y profesionales.
Georgia,Alpharetta,"2000 Avalon Blvd, Alpharetta, GA 30009",Complejo Avalon; polo residencial y corporativo de lujo.
Londres,Marylebone,"Harley Street, London W1G",Distrito médico de prestigio mundial.
Londres,Canary Wharf,"25 Canada Square, London E14 5LB",Centro financiero; ideal para servicios de salud corporativos.
Manchester,Spinningfields,"3 Hardman St, Manchester M3 3HF",Principal distrito de negocios y lifestyle de Manchester.
